{
  "accuracy": 0.9461279461279462,
  "infer_time": 1.2239150392447152e-05
}